[{"data": [[{"id": 2}, {"title": "CHAPTER A3 - ADOPTION LAW"}, {"number": "[KWS 12 of 1987, No. 4 of 2006.]"}, {"date": "[Date of commencement: 21st October, 1987]"}, {"description": "A Law to regulate and control the adoption of juveniles. "}, {"postdate": "2017-03-25 10:05"}, {"updatedate": "2017-03-25 10:05"}, {"cover": "\nARRANGEMENT OF SECTIONS\n\nSECTION\n1.\tShort title.\n2.\tInterpretation.\n3.\tApplication.\n4.\tPower to make Adoption Order.\n5.\tRestriction on the making of Adoption Orders.\n6.\tConsents to adoption.\n7.\tFunctions of court as to Adoption Order.\n8.\tInterim order.\n9.\tApplication by a person who is not a citizen of Nigeria.\n10.\tJurisdiction.\n11.\tRules of Court.\n12.\tAppeals.\n13.\tCorrective orders.\n14.\tRights and duties of parents.\n15.\tIntestacy.\n16.\tConstruction of settlements and wills.\n17.\tEffect of adoption on maintenance orders.\n18.\tAdopted Children Register.\n19.\tProhibition of certain payments.\n20.\tRestriction on sending juvenile away for adoption.\n21\tLicence to send juvenile away for adoption.\n22.\tRecognition of other adoption.\n23.\tProhibition against withdrawal of juvenile.\n24.\tProhibition of marriage of adopter, etc., with adopted juvenile.\n25.\tVisit to adopted person by Social Welfare Officer.\n"}]], "name": "laws"}, {"data": [[{"id": 2}, {"lawid": 1}, {"partschedule": ""}, {"title": "2.\tDevolution of property on personal representatives"}, {"body": "(1)\tAll property to which a deceased person was entitled for an interest not ceasing on his death shall on his death, and notwithstanding any testamentary disposition thereof, devolve from time to time on the personal representatives of the deceased:\n\nProvided that any interest in land shall not be administered unless the administrator shows to the satisfaction of the court that other assets of the estate are insufficient to pay the intestate's debts and expenses of his funeral and of taking out administration.\n \n(2)\tThe personal representatives for the time being of a deceased person are deemed in law to be his heirs and assigns within the meaning of all trusts and powers.\n\n(3)\tThe personal representatives shall be the representatives of the deceased in regard to any property to which he was entitled for an interest not ceasing on his death."}, {"postdate": "2017-03-25 10:05"}, {"updatedate": "2017-03-25 10:05"}, {"part": "PART II"}], [{"id": 12}, {"lawid": 1}, {"partschedule": ""}, {"title": "12.\tDuty of personal representatives"}, {"body": "The personal representatives of a deceased person shall be under a duty to\u0097\n\n(a)\tcollect and get in the estate of the deceased and administer it in accordance with the Law;\n\n(b)\twhen required to do so by the court, exhibit on oath in court a full inventory of the estate and when so required render an account of the administration of the estate to the court;\n\n(c)\twhen required to do so by the court, deliver up the grant of probate or administration to that court."}, {"postdate": "2017-03-25 10:05"}, {"updatedate": "2017-03-25 10:05"}, {"part": "PART III"}], [{"id": 22}, {"lawid": 1}, {"partschedule": ""}, {"title": "22.\tDiscretion of court as to persons to whom administration is to be granted"}, {"body": "(1)\tIn granting administration the court shall have regard to the rights of all persons interested in the estate of the deceased person or the proceeds of sale thereof, and, in particular administration with the will annexed may be granted to a legatee, and any such administration may be limited in any way the court thinks fit:\n\nProvided that\u0097\n\n(a)\twhere the deceased died wholly intestate as to his estate, administration shall be granted to some one or more persons interested in the residuary estate of the deceased, if they make an application for the purpose; and\n\n(b)\tif, by reason of the insolvency of the estate of the deceased or of any other special circumstances, it appears to the court to be necessary or expedient to appoint as administrator some person other than the person who, but for this provision, would by law have been entitled to the grant of administration, the court may in its discretion, notwithstanding anything in this Law, appoint as administrator such person as it thinks expedient and any administration granted under this provision may be limited in any way the court thinks fit.\n\n(2)\tThis section shall apply only in the case of persons dying after the date of the commencement of this Law, and the court in granting administration in the case of persons dying at any time before that date shall act in accordance with the principles and rules in accordance with which it would have acted if this Law had not been passed."}, {"postdate": "2017-03-25 10:05"}, {"updatedate": "2017-03-25 10:05"}, {"part": "PART IV"}], [{"id": 32}, {"lawid": 1}, {"partschedule": ""}, {"title": "32.\tMode of availability of documents"}, {"body": "Whenever under sections 29 and 30 of this Part of this Law any person is required to\u0097\n\n(a)\tmake available any document for inspection; or\n\n(b)\tmake available a copy of an official document on the payment of a prescribed fee,\n\nsuch person shall ensure that the document is open for inspection or an official copy made available only to persons who have an interest in the estate of the deceased person either as beneficiaries, dependants, issue relatives or creditors of the deceased."}, {"postdate": "2017-03-25 10:05"}, {"updatedate": "2017-03-25 10:05"}, {"part": "PART IV"}], [{"id": 42}, {"lawid": 1}, {"partschedule": ""}, {"title": "42.\tPowers of personal representative as to appropriation"}, {"body": "(1)\tThe personal representative may appropriate any part of the estate, including things in action, of the deceased in the actual condition or state of investment thereof at the time of appropriation in or towards satisfaction of any legacy bequeathed by the deceased, or of any other interest or share in his property, whether settled or not, as to the personal representative may seem just and reasonable, according to the respective rights of the person interested in the property of the deceased:\n\nProvided that\u0097\n\n(a)\tan appropriation shall not be made under this section so as to affect preju\u00acdicially any specific disposition by will;\n\n(b)\tan appropriation of property whether or not being an investment authorised by law or by the will, if any, of the deceased for the investment of money subject to the trust, shall not (save as hereinafter mentioned) be made under this section except with the following consents:\n\n(i)\twhen made for the benefit of a person absolutely and beneficially entitled in possession, the consent of that person;\n\n(ii)\twhen made in respect of any settled legacy share or interest, the consent of either the trustee thereof, if any (not being also the personal representative), or the person who may for the time being be entitled to the income:\n\nProvided that if the person whose consent is so required as aforesaid is an infant or a lunatic the consent shall be given on his behalf by his parents or parent, testamentary or other guardian, or committee, or if, in the case of an infant there is no such parent or guardian, by the court on the application of his next friend;\n\n(c)\tno consent (save of such trustee as aforesaid) shall be required on behalf of a person who may come into existence after the time of appropriation, or who cannot be found or ascertained at that time;\n \n(d)\tif no committee of a lunatic has been appointed, then, if the appropriation is of an investment authorised by law or by the will, if any, of the deceased for the investment of money subject to the trust, no consent shall be required on behalf of the lunatic;\n\n(e)\tif, independently of the personal representative, there is no trustee of a settled legacy, share of interest, and no person of full age and capacity entitled to the income thereof, no consent shall be required to an appropriation in respect of such legacy, share or interest, provided that the appropriation is of an investment authorised as aforesaid.\n\n(2)\tAny property duly appropriated under the power conferred by this section shall thereafter be treated as an authorised investment, and may be retained or dealt with accordingly.\n\n(3)\tFor the purposes of such appropriation, the personal representative may ascertain and fix the value of the respective parts of the estate and the liabilities of the deceased as he may think fit, and shall for that purpose employ a duly qualified valuer in any case where such employment may be necessary; and may make any transfer (including an assent) which may be requisite for giving effect to the appropriation.\n\n(4)\tAn appropriation made pursuant to this section shall bind all persons interested in the property of the deceased whose consent is not hereby made requisite.\n\n(5)\tThe personal representative shall, in making the appropriation, have regard to the rights of any person who may thereafter come into existence, or who cannot be found or ascertained at the time of appropriation, and of any other person whose consent is not required by this section.\n\n(6)\tThis section does not prejudice any other power of appropriation conferred by law or by the will (if any) of the deceased, and takes effect with any extended powers conferred by the will (if any) of the deceased, and where an appropriation is made under this section, in respect of a settled legacy, share or interest, the property appropriated shall remain subject to all trusts for sale and powers of leasing, disposition, and management or varying investments which would have been applicable thereto or to the legacy, share or interest in respect of which the appropriation is made, if no such appropriation had been made.\n\n(7)\tIf after any property has been appropriated in purported exercise of the powers conferred by this section, the person to whom it was transferred disposes of it or any interest therein, then, in favour of a purchaser, the appropriation shall be deemed to have been made in accordance with the requirements of this section and after all requisite consents, if any, had been given.\n\n(8)\tIn this section, a settled legacy, share or interest includes any legacy, share or interest to which a person is not absolutely entitled in possession at the date of the appropriation, also an annuity, and \"purchaser\" means a purchaser for money or money's worth.\n\n(9)\tThis section applies whether the deceased died intestate or not and whether before or after the commencement of this Law, and extends to property over which a testator exercises a general power of appointment, and authorises the setting apart of a fund to answer an annuity by means of the income of that fund or otherwise."}, {"postdate": "2017-03-25 10:05"}, {"updatedate": "2017-03-25 10:05"}, {"part": "PART V"}], [{"id": 52}, {"lawid": 1}, {"partschedule": ""}, {"title": "52.\tApplication to cases of partial intestacy"}, {"body": "Where any person died leaving a will which fails to effectively dispose of part of his property, this Part of this Law shall have effect as respects the part of his property not so disposed of, subject to the provisions contained in the will which remain operative and effective and subject to the following modifications:\n\n(a)\twhere the deceased leaves a surviving spouse who acquires any beneficial interests under the will of the deceased (other than personal effects specifically bequeathed) the references in this Part of this Law to the net sum of money equivalent to one-quarter, one-third or two-thirds of the residuary estate payable to a surviving spouse and to interest on that sum, shall be taken as references to the said sum diminished by the value at the date of death of the said beneficial interests, and to interest on that sum as so diminished and, accordingly, where the said value exceeds the said sum, this Part of this Law shall have effect as if references to the said sum, and interest thereon, were omitted;\n\n(b)\tthe requirements of section 48 of this Law as to bringing property into account shall apply to any beneficial interests acquired by any issue of the deceased under the will of the deceased, but not to beneficial interests so acquired by any other persons;\n\n(c)\tthe personal representative shall, subject to his rights and powers for the purposes of administration, be a trustee for the persons entitled under this Part of this Law in respect of the part of the estate not expressly disposed of unless it appears by the will that the personal representative is intended to take such part beneficially.\n\n(2)\tReferences in the foregoing provisions of this section to beneficial interests acquired under a will shall be construed as including a reference to a beneficial interest acquired by virtue of the exercise by the will of a general power of appointment, but not of a special power of appointment.\n \n(3)\tFor the purposes of paragraph (a) in the foregoing provisions of this section the personal representative shall employ a duly qualified valuer in any case where such employment may be necessary.\n\n(4)\tThe references in subsection (3) of section 50 of this Law to property are references to property comprised in the residuary estate and accordingly where a will of the deceased creates a life interest in property in possession, and the remaining interest in that property forms part of the residuary estate, the said references are references to that remaining interest (which until the life interest determines, is property not in possession)."}, {"postdate": "2017-03-25 10:05"}, {"updatedate": "2017-03-25 10:05"}, {"part": "PART VI"}], [{"id": 62}, {"lawid": 2}, {"partschedule": ""}, {"title": "2.\tInterpretation"}, {"body": "In this Law, unless the context otherwise requires\u0097\n\n\"adoption\" means the taking of a child or young person into the family of a spouse whereby there is transferred to the spouse all the rights, duties, obligations and liabilities of the natural parents in relation to the child or young person, as a result of which transfer the spouse stands to the child or young person in the position of his lawful parent;\n\n\"Adoption Order\" means an order made under section 4 (1) of this Law;\n\n\"Chief Registrar\" means the Chief Registrar of the State's High Court of Justice;\n\n\"Commissioner\" means the Commissioner for the Ministry charged with the responsibility for Social Development in the State;\n\n\n\n\"court\" means a court having jurisdiction to make Adoption Orders under this Law;\n\n\"father\" in relation to a child means the natural father;\n\n\"juvenile\" means a person who is under sixteen years of age and to whose adoption this Law applies;\n\n\"Permanent Secretary\"\t\u0085\u0085\u0085.\n\n\n\"Probation Officer\" means any officer so designated by the Ministry charged with the responsibility for Child Welfare;\n\n\"relative\" in relation to a juvenile means a grandparent, brother, sister, uncle or aunt whether of the full-blood or half-blood or by affinity and includes the natural father of the juvenile and any person who would be a relative of the juvenile within the meaning of this definition if the juvenile were the natural child of his father; and\n\n\"State\" means the Kwara State of Nigeria."}, {"postdate": "2017-03-25 10:05"}, {"updatedate": "2017-03-25 10:05"}, {"part": ""}], [{"id": 72}, {"lawid": 2}, {"partschedule": ""}, {"title": "12.\tAppeals"}, {"body": "An appeal shall lie to the High Court from the Juvenile Court in respect of any decision on any application for an Adoption Order other than a decision to postpone the determination of an application for such an Order and make an interim order."}, {"postdate": "2017-03-25 10:05"}, {"updatedate": "2017-03-25 10:05"}, {"part": ""}], [{"id": 82}, {"lawid": 2}, {"partschedule": ""}, {"title": "22.\tRecognition of other adoption"}, {"body": "Where any person has been adopted under the law in force in any part of Nigeria other than Kwara State, or under the law of any country other than Nigeria, the adoption shall have the like validity and effect as if it had been effected by any Adoption Order under this Law."}, {"postdate": "2017-03-25 10:05"}, {"updatedate": "2017-03-25 10:05"}, {"part": ""}], [{"id": 92}, {"lawid": 3}, {"partschedule": ""}, {"title": "7.\tTax collected to be paid into Consolidated Fund"}, {"body": "All monies collected or received for or on account of taxes shall be paid into the Consolidated Fund of the State."}, {"postdate": "2017-03-25 10:05"}, {"updatedate": "2017-03-25 10:05"}, {"part": ""}], [{"id": 102}, {"lawid": 4}, {"partschedule": ""}, {"title": "2.\tInterpretation"}, {"body": "(1) In this Law, unless the context otherwise requires\u0097\n\"Borstal institution\" means a Borstal institution established under the provisions of the Borstal Institutions and Remand Centres Act;\n[No. 32 of 1960, No. 4 of 2006.J\n\n\"court\" means the High Court of Justice established under the High Court Law, a chief magistrate's court or a magistrate's court of the first grade established or deemed to have been established under or in pursuance of the Criminal Procedure Code Law, or an upper area court, area court grade I or area court grade II established or deemed to have been established under or in pursuance of the Area Courts Law;\n[Cap. H2, Cap. C23, Cap. A9. No. 4 of 2006.)\n\"legal practitioner\" shall have the same meaning as in the Legal Practitioners Act. \n[No. 15 of 1975, No. 4 of 2006.]\n (2)\tWhere the age of any person at any time is material for the purposes of any provisions of this Law regulating the powers of a court, his age at the material time shall be deemed to be or to have been that which appears to the court after considering any available evidence to be or to have been his age at that time.\n(3)\tReferences in this Law to an offence punishable with imprisonment shall be construed, in relation to any offender, without regard to any prohibition or restriction imposed by or under any law or enactment upon the imprisonment of offenders of his age, but shall not be construed as including an offence for which the court is required to impose a sentence of imprisonment for life.\n(4)\tWhere any provision of this Law empowers a court on conviction of the offender to pass a sentence in lieu of dealing with him in any other manner, the said provision shall not be construed as taking away any power of the court to order the offender to pay costs, damages or compensation."}, {"postdate": "2017-03-25 10:05"}, {"updatedate": "2017-03-25 10:05"}, {"part": ""}], [{"id": 112}, {"lawid": 6}, {"partschedule": ""}, {"title": "2.\tInterpretation"}, {"body": "In this Law\u0097 \n\"boy scout\" means a boy scout recognised as such under the constitution, by-laws or rules of the Association, and includes also all officers of the Association;\n\"public servant\" has the meaning assigned to that term by section 10 of the Penal\nCode;\n[Cap. P4.]\n\"the Association\" means the Boy Scouts Association incorporated under the Royal Charter granted on the 4th day of January, 1912."}, {"postdate": "2017-03-25 11:28"}, {"updatedate": "2017-03-25 11:28"}, {"part": ""}], [{"id": 122}, {"lawid": 7}, {"partschedule": ""}, {"title": "4.\tProcedure for registration"}, {"body": "(1)\tEvery proprietor of a Day Care Centre shall apply in writing to the Commissioner for registration and shall set out in the prescribed form\u0097\n(a)\tthe name and place of business or the proposed name and place of business of the Day Care Centre;\n(b)\tthe name and address of the proprietor, where this is an individual; and in other cases, of each director, partner, trustee or other principal officer of the body (where corporate or unincorporate), as the case may require;\n(c)\tthe nature of services offered or to be offered;\n(d)\tif the business of the Day Care Centre was commenced before the coming into operation of this Law, the date of the commencement of such business; and\n(e)\tsuch other particulars as may be prescribed by the Commissioner.\n(2)\tUpon the receipt of an application under this section, the Commissioner shall cause such inquiries to be made as may assist him in coming to a decision in the particular case.\n(3)\tIf after receipt of particulars in compliance with the foregoing provisions of this section the Commissioner is of the opinion\u0097\n(a)\tthat a Day Care Centre be registered, he shall issue it with a certificate in the prescribed form to that effect with or without conditions;\n(b)\tthat it would be undesirable in the public interest that a registration be effected, he may refuse such registration, and no appeal shall lie from any decision of the Commissioner in any such case.\n(4)\tWhere a certificate is issued subject to conditions, the Day Care Centre shall comply with these conditions.\n(5)\tAny Day Care Centre which fails to comply with any of the conditions of its certificate of registration shall be guilty of an offence and shall be liable upon conviction to a fine of five thousand naira or to a term of imprisonment not exceeding six months and further fine of five hundred naira for each day during which the condition is not complied with."}, {"postdate": "2017-03-25 11:28"}, {"updatedate": "2017-03-25 11:28"}, {"part": ""}]], "name": "sections"}]