[{"data": [[{"id": 1}, {"title": "CHAPTER A1 - ADMINISTRATION OF ESTATES LAW"}, {"number": "[KWS 16 of 1991, No. 4 of 2006.]"}, {"date": "[Date of commencement: 15th August, 1991]"}, {"description": "A Law relating to the administration of the estates of deceased persons."}, {"postdate": "2017-03-25 10:05"}, {"updatedate": "2017-03-25 10:05"}, {"cover": "ARRANGEMENT OF SECTIONS\n\nPART I\n\nApplication\n\nSECTION\n \n1.\tApplication.\n \nPART II\n\nDevolution of Property\n\n2.\tDevolution of Property Devolution of property on personal representatives.  \n\n3.\tApplication of Part II to certain cases.\n \nPART III\n\nExecutors and Administrators\n\n4.\tCesser of right of executor to prove.\n5.\tWithdrawal of renunciation.\n6.\tExecutor of executor represents original testator.\n7.\tRight of proving executors to exercise powers.\n8.\tVesting of estate of intestate between death and grant of administration. \n9.\n10.\tContinuance of legal proceeding after revocation of temporary administration.\n11.\tRights and liabilities of administrator.\n12.\tDuty of personal representatives.\n13.\tRights of action by or against personal representatives.\n14.\tProtection of persons acting on probate or administration.\n15.\tLiability of person fraudulently obtaining or retaining estate of deceased.\n16.\tLiability of estate of personal representative.\n\nPART IV\nGrants of Probate and Administration\n17.\tApplication for grants.\n18.\tCaveat.\n19.\tSummons of executor to prove or renounce.\n20.\tProvisions as to the number of personal representatives.\n21.\tPower to grant representation to a trust corporation.\n22.\tDiscretion of court as to persons to whom administration is to be granted.\n23.\tAdministration pendente lite.\n24.\tGrant of special administration where personal representative is abroad.\n25.\tAdministration during minority of executor.\n\n26.\n27.\tAdministration bonds.\n28.\tTransfer by executor or administrator to Administrator-General.\n29.\tPlaces for deposit of original wills and other documents.\n30.\tOfficial copies of wills and other documents.\n31.\tDepositories of wills of living persons.\n32.\tMode of availability of documents.\nPART V\nAdministration of Assets\n33.\tEstate of deceased are assets for payment of debts.\n34.\tStatutory trust for sale.\n35.\tAdministration of assets.\n36.\tRetainer preference and the payment of debts by personal representatives.\n37.\tCharges on property of deceased to be paid primarily out of the property charged.\n38.\tEffect of assent or disposition of transfer by personal representative.\n39.\tValidity of transfer not affected by revocation of representation.\n40.\tRight to follow property and powers of the court in relation thereto.\n41.\tPower of management.\n42.\tPowers of personal representative as to appropriation.\n43.\tPower to appoint trustees of infant's property.\n44.\tObligations of personal representative as to giving possession of land and powers of the court.\n45.\tPower to postpone distribution.\nPART VI\nDistribution of Residuary Estate\n46.\tAbolition of descent to heir, courtesy, dower and escheat.\n47.\tSuccession to estate on intestacy.\n48.\tStatutory trusts in favour of issue and other classes of relatives of intestate.\n49.\tRight of surviving spouse in the matrimonial home.\n50.\tRight of surviving spouse to redeem life interest.\n51.\tPower of personal representatives in respect of interest of surviving spouse.\n52.\tApplication to cases of partial intestacy.\n53.\tConstruction of documents.\n54.\tInsurance and superannuation benefits.\nPART VII\nSupplemental\n \n55.\tSaving as to power of court.\n\n56.\tApplication to State.\n\n57.\tPower to make rules.\n\n58.\tInterpretation.\n\n59.\tRepeal of NN 1963, Cap. 1.\n\n60.\tCitation.\n\n\nFIRST SCHEDULE\n\nSECOND SCHEDULE\n\nDistribution of Residuary Estate\n"}]], "name": "laws"}, {"data": [[{"id": 1}, {"lawid": 1}, {"partschedule": ""}, {"title": "1.\tApplication"}, {"body": "(1)\tThis Law shall not apply\u0097\n\n(a)\tto deaths occurring before its commencement unless otherwise provided; or\n\n(b)\tto the estates of deceased persons, the administration of which is governed by Islamic Law.\n\n(2)\tThe provisions of this Law relating to the administration of the estate of a person who died intestate or the undisposed part of the estate of a testator shall apply only to persons who contract a valid monogamous marriage and are survived by a spouse or issue of such marriage:\n\nProvided that any property the succession of which cannot according to Customary Law be affected by testamentary disposition shall descend in accordance with such Customary Law anything herein to the contrary notwithstanding."}, {"postdate": "2017-03-25 10:05"}, {"updatedate": "2017-03-25 10:05"}, {"part": "PART I"}], [{"id": 11}, {"lawid": 1}, {"partschedule": ""}, {"title": "11.\tRights and liabilities of administrator"}, {"body": "Every person to whom administration of the estate of a deceased person is granted, shall, subject to the limitations contained in the grant, have the same rights and liabilities and be accountable in like manner as if he were the executor of the deceased."}, {"postdate": "2017-03-25 10:05"}, {"updatedate": "2017-03-25 10:05"}, {"part": "PART III"}], [{"id": 21}, {"lawid": 1}, {"partschedule": ""}, {"title": "21.\tPower to grant representation to a trust corporation"}, {"body": "(1)\tThe Court may, where a trust corporation is named in a will as executor whether alone or jointly with another person\u0097\n\n(a)\tgrant probate to the corporation either solely or jointly with another person, as the case may require; and\n\n(b)\tgrant administration to a trust corporation, either solely or jointly with another person,\n\nand the corporation may act accordingly as executor or administrator, as the case may be.\n \n(2)\tProbate or administration shall not be granted to an agent or nominee on behalf of a trust corporation.\n\n(3)\tAny officer authorised for the purpose by a trust corporation or the directors or governing body thereof may, on behalf of the corporation, swear affidavits, give security and do any other act or thing which the court may require with a view to the grant and the acts of an officer so authorised shall be binding on the corporation.\n\n(4)\tWhere, at the commencement of this Law, any interest in any estate is vested in an agent on behalf of a trust corporation acting as the personal representatives of a deceased person, the said interest shall, by virtue of this Law, vest in the corporation, and the agent shall be kept indemnified by the corporation in respect of the said interest.\n\n(5)\tSubsection (4) shall not apply to securities registered or inscribed in the name of an agent or land or a charge registered under the Land Titles Registration Law, in the name of an agent but any such securities, land or charge, shall be transferred by the agent to the corporation or as the corporation may direct.\n\n(6)\tThis section shall have effect whether the testator or the intestate died before or after the commencement of this Law, and no such vesting or transfer as aforesaid shall operate as a breach of a convenant or condition against alienation or give rise to a forfeiture."}, {"postdate": "2017-03-25 10:05"}, {"updatedate": "2017-03-25 10:05"}, {"part": "PART IV"}], [{"id": 31}, {"lawid": 1}, {"partschedule": ""}, {"title": "31.\tDepositories of wills of living persons"}, {"body": "There shall, under the control and direction of the court, be provided safe and convenient depositories for the custody of the wills of living persons, and any person may deposit his will therein on payment of such fees and subject to such regulations as may from time to time be prescribed by the Chief Judge."}, {"postdate": "2017-03-25 10:05"}, {"updatedate": "2017-03-25 10:05"}, {"part": "PART IV"}], [{"id": 41}, {"lawid": 1}, {"partschedule": ""}, {"title": "41.\tPower of management"}, {"body": "(1)\tIn dealing with the estate of the deceased his personal representatives shall, for purposes of administration, or during a minority or mental incapacity of any beneficiary or the subsistence of any life interest, or until the period of distribution arrives, have\u0097\n\n(a)     \tthe power and discretion, including power to raise money by mortgage or charge (whether or not by deposit of documents), with respect to personal estate vested in him, any such power of raising money by mortgage may in the case of land be exercised by way of mortgage; and\n\n(b)\tall the powers, discretions and duties conferred or imposed by law on trustees holding land upon an effectual trust for sale (including power to overreach equitable interests and powers as if the same affected the proceeds of sale); and\n\n(c)\tall the powers conferred by statute on trustees for sale, and so that every contract entered into by a personal representative shall be binding on and be enforceable against and by the personal representative for the time being of the deceased, and may be carried into effect, or be varied or rescinded by him, and, in the case of a contract entered into by a predecessor, as if it had been entered into by himself.\n\n(2)\tNothing in this section shall affect the right of any person to require an assent or transfer to be made.\n\n(3)\tThis section applies whether the testator or intestate died before or after the commencement of this Law."}, {"postdate": "2017-03-25 10:05"}, {"updatedate": "2017-03-25 10:05"}, {"part": "PART V"}], [{"id": 51}, {"lawid": 1}, {"partschedule": ""}, {"title": "51.\tPower of personal representatives in respect of interest of surviving spouse"}, {"body": "The personal representative may raise\u0097\n\n(a)\tthe net sum of money equivalent to the value of one-quarter, one-third or two-thirds of the residuary estate, as the case may be, or any part thereof and the interest thereon payable to the surviving spouse of the intestate on the security of the whole or any part of the residuary estate of the intestate (other than the personal effects), so far as that estate may be sufficient for the purpose or the said sum and interest may not have been satisfied by an appropriation under the statutory power available in that behalf; and\n\n(b)\tin like manner the capital sum, if any, required for the purchase or redemption of the life interest of the surviving spouse of the intestate or any part thereof not satisfied by the application for that purpose of any part of the residuary estate of the intestate,\n\nand in either case the amount, if any, properly required for the payment of the costs of the transaction."}, {"postdate": "2017-03-25 10:05"}, {"updatedate": "2017-03-25 10:05"}, {"part": "PART VI"}], [{"id": 61}, {"lawid": 2}, {"partschedule": ""}, {"title": "1.\tShort title"}, {"body": "This Law may be cited as the Adoption Law."}, {"postdate": "2017-03-25 10:05"}, {"updatedate": "2017-03-25 10:05"}, {"part": ""}], [{"id": 71}, {"lawid": 2}, {"partschedule": ""}, {"title": "11.\tRules of Court"}, {"body": "(1)\tThe Chief Judge of the State may make Rules of Court providing generally for the practice and procedure of the court in respect of the adoption of juveniles.\n\n(2)\tThe power to make rules conferred under subsection (1) of this section shall, without prejudice to the generality of that subsection include power to make provision for\u0097\n\n(a)\tapplications for Adoption Orders to be heard and determined otherwise than in open court;\n\n(b)\tthe admission of documentary evidence of any consent required under section 6 of this Law; and\n\n(c)\trequiring the Probation Officer to prepare for the consideration of the court on an application for an Adoption Order, a report for the assistance of the court in determining whether the order will be for the welfare of the juvenile."}, {"postdate": "2017-03-25 10:05"}, {"updatedate": "2017-03-25 10:05"}, {"part": ""}], [{"id": 81}, {"lawid": 2}, {"partschedule": ""}, {"title": "21.\tLicence to send juvenile away for adoption"}, {"body": "(1)\tSubject to the other provisions of this section, the Commissioner may grant a licence, subject to such conditions and restrictions as he may think fit, authorising the care and protection of a juvenile for whose adoption elsewhere arrangements have been made for the juvenile to be transferred to a person resident whether within or outside Nigeria.\n\n\n\n(2)\tA licence shall not be granted under this section unless the Commissioner is satisfied as respects every person whose consent would be required under section 6 of this Law to the making of an Adoption Order, for the adoption of the juvenile that\u0097\n\n(a)\tthe application for the aforesaid licence is made with the consent of that person; or\n\n(b)\tthe consent of that person can properly be dispensed with on any ground on which the court could dispense with a consent to an adoption under the said section 6.\n\n\n\n(3)\tA licence shall not be granted under this section unless the Commissioner is satisfied that the person to whom the care and possession of the juvenile is proposed to be transferred is a suitable person to be entrusted therewith, and that the transfer is likely to be for the welfare of the juvenile and consideration being, for this purpose, given to the wishes of the juvenile, having regard to the age and understanding of the juvenile."}, {"postdate": "2017-03-25 10:05"}, {"updatedate": "2017-03-25 10:05"}, {"part": ""}], [{"id": 91}, {"lawid": 3}, {"partschedule": ""}, {"title": "6.\tControl by the Commissioner"}, {"body": "In exercise of the functions and powers conferred upon the Board by this Law, the Board shall be subject to the authority, direction and control of the Commissioner, and any written direction, order or instruction given by the Commissioner shall be carried out by the Board:\nProvided that the Commissioner shall not give any direction, order or instruction in respect of any particular person which would have the effect of requiring the Board to raise an additional assessment upon such person or to increase or decrease any assessment made or to be made or any penalty imposed or to be imposed upon or any relief given or to be given to or to defer the collection of any tax, penalty or judgment debt due by such person or which would have the effect of altering the normal course of any proceedings whether civil or criminal, relating either to the recovery of any tax or penalty or to any offence relating to tax."}, {"postdate": "2017-03-25 10:05"}, {"updatedate": "2017-03-25 10:05"}, {"part": ""}], [{"id": 101}, {"lawid": 4}, {"partschedule": ""}, {"title": "1.\tShort title"}, {"body": "This Law may be cited as the Borstal Training Law."}, {"postdate": "2017-03-25 10:05"}, {"updatedate": "2017-03-25 10:05"}, {"part": ""}], [{"id": 111}, {"lawid": 6}, {"partschedule": ""}, {"title": "1.\tShort title"}, {"body": "This Law may be cited as the Boy Scouts Association Law."}, {"postdate": "2017-03-25 11:28"}, {"updatedate": "2017-03-25 11:28"}, {"part": ""}], [{"id": 121}, {"lawid": 7}, {"partschedule": ""}, {"title": "3.\tDay Care Centre to register"}, {"body": "(1)\tIf any person is desirous of establishing a Day Care Centre of which he is or proposes to be the proprietor he, the proprietor concerned, shall apply for registration of the Day Care Centre in accordance with the provisions of this Law.\n(2)\tWhere on the coming into operation of this Law any Day Care Centre is being run, the proprietor thereof may apply within three months thereafter to be registered but shall cease to carry on such business in the State after the expiration of six months from the coming into force of this Law, unless prior to the expiration of the said period, such Day Care Centre is registered to continue its business in accordance with the provisions of this Law."}, {"postdate": "2017-03-25 11:28"}, {"updatedate": "2017-03-25 11:28"}, {"part": ""}], [{"id": 131}, {"lawid": 7}, {"partschedule": ""}, {"title": "13.\tRegulations"}, {"body": "The Commissioner may, with the approval of the Governor, make regulations generally for the purposes of this Law and, without prejudice to the generality of the power hereby conferred, such regulations may\u0097\n(a)\tprescribe the forms to be used for the purposes of this Law;\n(a)\tprescribe the fees to be paid for application and registration under this Law;\n(a)\tprescribe or contain such administrative or procedural provisions as appear to him necessary or expedient in order to facilitate the operation of this Law."}, {"postdate": "2017-03-25 11:28"}, {"updatedate": "2017-03-25 11:28"}, {"part": ""}]], "name": "sections"}]