[{"data": [[{"id": 4}, {"title": "CHAPTER B2 - BORSTAL TRAINING LAW\n"}, {"number": "[KWS 5 of 1968, KWS LN 1 of 1982, No. 4 of 2006.]"}, {"date": "[Date of commencement: 29th February, 1968]"}, {"description": " A Law to provide for Borstal Training. "}, {"postdate": "2017-03-25 10:05"}, {"updatedate": "2017-03-25 10:05"}, {"cover": ""}]], "name": "laws"}, {"data": [[{"id": 4}, {"lawid": 1}, {"partschedule": ""}, {"title": "4.\tCesser of right of executor to prove"}, {"body": "Where a person appointed executor by a will\u0097\n\n(a)\tsurvives the testator but dies without having taken out probate of the will; or\n\n(b)\tis cited to take out probate of the will and does not appear to the citation; or\n\n(c)\trenounces probate of the will,\n\nhis right in respect of the executorship shall wholly cease, and the representation to the testator and the administration of his estate shall devolve and be committed in like manner as if that person had not been appointed executor."}, {"postdate": "2017-03-25 10:05"}, {"updatedate": "2017-03-25 10:05"}, {"part": "PART III"}], [{"id": 14}, {"lawid": 1}, {"partschedule": ""}, {"title": "14.\tProtection of persons acting on probate or administration"}, {"body": "(1)\tEvery person making or permitting to be made any payment or disposition in good faith under a representation shall be indemnified and protected in so doing, notwithstanding any defect or circumstance whatsoever affecting the validity of the representation.\n\n(2)\tWhere a representation is revoked, all payments and dispositions made in good faith to a personal representative under the representation before the revocation thereof are a valid discharge to the person making the same; and the personal representative who acted under the revoked representation may retain and reimburse himself in respect of any payments or dispositions made by him in good faith."}, {"postdate": "2017-03-25 10:05"}, {"updatedate": "2017-03-25 10:05"}, {"part": "PART III"}], [{"id": 24}, {"lawid": 1}, {"partschedule": ""}, {"title": "24.\tGrant of special administration where personal representative is abroad"}, {"body": "(1)\tIf at or after the expiration of twelve months from the death of a person any personal representative of the deceased to whom a grant has been made is residing out of Nigeria, the court may, on the application of any creditor or person interested in the estate of the deceased, grant to him in the prescribed form special administration of the estate of the deceased.\n\n(2)\tThe court may, for the purpose of any legal proceedings to which the administrator under the special administration is a party, order the transfer into court of any money or securities belonging to the estate of the deceased person, and all persons shall obey any such order.\n\n(3)\tIf the personal representative capable of acting as such returns to and resides in Nigeria while any legal proceedings to which a special administrator is a party are pending, that personal representative shall be made a party to the legal proceedings, and the costs of and incidental to the special administration and the legal proceedings shall be paid by such person and out of such fund as the court in which the proceedings are pending may direct."}, {"postdate": "2017-03-25 10:05"}, {"updatedate": "2017-03-25 10:05"}, {"part": "PART IV"}], [{"id": 34}, {"lawid": 1}, {"partschedule": ""}, {"title": "34.\tStatutory trust for sale"}, {"body": "(1)\tOn the death of a person intestate as to any property, his estate shall be held by his personal representatives upon trust to call in, sell, and convert into money such part thereof as may not consist of money, with power to postpone such sale and conversion for such a period as the personal representatives, without being liable to account, may think proper, and so that any reversionary interest be not sold until it falls into possession, unless the personal representatives see special reason for sale, and so also that, unless required for purposes of administration owing to want of other assets, personal effects be not sold except for special reason.\n\n(2)\tOut of the net money to arise from the sale and conversion of such estate (after payment of costs), and out of the ready money of the deceased (so far as not disposed of by his will, if any) the personal representative shall pay all such funeral, testamentary and administration expenses, debts and other liabilities as are properly payable there out having regard to the rules of administration contained in this Part of this Law and out of the residue of the said money the personal representative shall set aside a fund sufficient to provide for any pecuniary legacies bequeathed by the will (if any) of the deceased.\n\n(3)\tDuring the minority or mental incapacity of any beneficiary of the subsistence of any life interest and pending the distribution of the whole or any part of the estate of the deceased, the personal representatives may invest the residue of the said money or so much thereof as may not have been distributed, in any investments for the time being authorised by statute for the investment of trust money, with power, at the discretion of the personal representatives, to change such investments for others of a like nature.\n\n(4)\tThe residue of the said money and any investments for the time being representing the same, including (but without prejudice to the trust for sale) any part of the estate of the deceased which may be retained unsold and is not required for the administration purposes aforesaid, is in this Law referred to as \"the residuary estate of the intestate\".\n\n(5)\tThe income (including net rents and profits of the estate after payment of rates, taxes, rent, costs of insurance, repairs and other out-goings properly attributable to income) of so much of the estate of the deceased as may not be disposed of by his will, if any, or may not be required for the administration purposes aforesaid may, however such estate is invested, as from the death of the deceased, be treated and applied as income, and for that purpose any necessary apportionment may be made between tenant for life and remainderman.\n\n(6)\tNothing in this section affects the rights of any creditor of the deceased or the rights of the State in respect of death duties.\n\n(7)\tWhere the deceased leaves a will, this section has effect subject to the provisions contained in the will."}, {"postdate": "2017-03-25 10:05"}, {"updatedate": "2017-03-25 10:05"}, {"part": "PART V"}], [{"id": 44}, {"lawid": 1}, {"partschedule": ""}, {"title": "44.\tObligations of personal representative as to giving possession of land and powers\nof the court"}, {"body": "(1)\tA personal representative, before giving an assent or making a transfer in favour of any person who appears to be entitled, may permit that person to take possession of the land, and such possession shall not prejudicially affect the right of the personal representative to take or resume possession nor his power to transfer the land as if he were in possession thereof, but subject to the interest of any lessee, tenant or occupier in possession or in actual occupation of the land.\n\n(2)\tAny person who as against the personal representative claims possession of any land, or the appointment of a receiver thereof, or a transfer thereof, or an assent to the vesting thereof, or to be registered as proprietor thereof under any law in force in the State relating to registration of titles to land may apply to the court for directions with reference thereto, and the court may make such vesting or other order as may be deemed proper, and the provisions of the Trustee Law relating to vesting orders and to the appointment of a person to transfer, shall apply.\n\n\n\n(3)\tThis section applies whether the testator or intestate died before or after the commencement of this Law."}, {"postdate": "2017-03-25 10:05"}, {"updatedate": "2017-03-25 10:05"}, {"part": "PART V"}], [{"id": 54}, {"lawid": 1}, {"partschedule": ""}, {"title": "54.\tInsurance and superannuation benefits"}, {"body": "(1)\tWhere the intestate during his lifetime takes a life insurance policy or contributes to any social security scheme or superannuation fund or provident fund, the right in the benefit of such insurance policy or social security scheme or superannuation or provident fund shall devolve on the personal representative as part of the estate of the intestate:\n\nProvided that the provision of this section shall not apply to\u0097\n\n(a)\ttrust policies; or\n\n(b)\tpolicies taken out for the purpose of securing loans.\n\n(2)\tWhere the estate of the intestate is not sufficient to provide adequate financial provision for the child or children of the intestate such child or children, as the case may be, may apply to the court for an order directing the personal representatives to make such payments out of the benefit accruing from such insurance policy or social security scheme or superannuation or provident fund as may be reasonably necessary for the maintenance of such child or children.\n\n(3)\tAn application under the provisions of this section shall be made within six months of the taking out of the letters of administration.\n\n(4)\tIn any case where\u0097\n\n(a)\tan application is not made within the time limit prescribed under subsection (3) of this section; or\n\n(b)\tan order is not granted by the court,\n\nthe personal representative shall transfer the right in the benefit of such insurance policy or social security scheme or superannuation or provident fund to the person to whom or for whose benefit any nomination was made in the scheme."}, {"postdate": "2017-03-25 10:05"}, {"updatedate": "2017-03-25 10:05"}, {"part": "PART VI"}], [{"id": 64}, {"lawid": 2}, {"partschedule": ""}, {"title": "4.\tPower to make Adoption Order"}, {"body": "(1)\tSubject to the provisions of this Law the court may, upon the application of any person in the prescribed manner, make an order (hereafter in this Law referred to as \"an Adoption Order\") to adopt a juvenile.\n\n(2)\tAn Adoption Order may be made upon the application of two spouses authorising them jointly to adopt a juvenile, save that in no other case shall an Adoption Order authorise more than one person to adopt a juvenile."}, {"postdate": "2017-03-25 10:05"}, {"updatedate": "2017-03-25 10:05"}, {"part": ""}], [{"id": 74}, {"lawid": 2}, {"partschedule": ""}, {"title": "14.\tRights and duties of parents"}, {"body": "(1)\tUpon an Adoption Order being made\u0097\n\n(a)\tall rights, duties, obligations and liabilities, including those under customary law applicable to the parents of the juvenile or any other person in relation to the future customary maintenance and education of the juvenile (including all rights to appoint a guardian and to consent or give notice of dissent to marriage) shall be extinguished; and\n\n(b)\tthere shall vest in, and be exercisable and enforceable against the adopter all rights, duties, obligations and liabilities in respect of the future custody, maintenance and education of the juvenile as would vest in him if the juvenile were a child born to the adopter in lawful marriage; and, in respect of the matters aforesaid, the juvenile shall stand to the adopter exclusively in the relationship of a child so born.\n\n\n(2)\tIn the case where a man and his wife are joint adopters of a juvenile the man and his wife shall in respect of the matters aforesaid and for purpose of the jurisdiction of the court to make orders as to the custody and maintenance of and rights of access to children, stand to each other and to the juvenile in the same relation as they would have stood if the juvenile were a child born to them in lawful marriage; and, in respect of the matters aforesaid, the juvenile shall stand to them exclusively in the relationship of a child so born."}, {"postdate": "2017-03-25 10:05"}, {"updatedate": "2017-03-25 10:05"}, {"part": ""}], [{"id": 84}, {"lawid": 2}, {"partschedule": ""}, {"title": "24.\tProhibition of marriage of adopter, etc., with adopted juvenile"}, {"body": "(1)\tTo the extent to which marriage is a matter within the legislative competence of the State, a marriage between any person who has adopted a juvenile under this Law or between a natural child of such person and the adopted juvenile is hereby prohibited.\n\n(2)\tAny person who acts in contravention of the provisions of subsection (1) of this section shall be guilty of an offence and shall be liable on conviction to a term of imprisonment of five years."}, {"postdate": "2017-03-25 10:05"}, {"updatedate": "2017-03-25 10:05"}, {"part": ""}], [{"id": 94}, {"lawid": 3}, {"partschedule": ""}, {"title": "9.\tTaxes payable in respect of year commencing"}, {"body": "The duties and powers conferred upon the Board by this Law shall be exercised in respect of the assessment and collection of, and accounting for, taxes payable in respect of any year of assessment."}, {"postdate": "2017-03-25 10:05"}, {"updatedate": "2017-03-25 10:05"}, {"part": ""}], [{"id": 104}, {"lawid": 4}, {"partschedule": ""}, {"title": "4.\tReports to be considered before sentence of Borstal training passed"}, {"body": "(1)\tBefore a sentence of Borstal training is passed under section 3, the court shall consider any report or representation made by or on behalf of the Comptroller of Prisons on the offender's physical and mental conditions and his suitability for the sentence, and if the court has not received such a report or representation it shall after conviction remand the offender in custody in a remand centre for such period or periods (not exceeding three weeks in the case of any single period) as the court thinks necessary to enable the report or representation to be made.\n(2)\tA copy of any report or representation in writing made to a court by or on behalf of the Comptroller of Prisons for the purposes of subsection (1) shall be given by the court to the offender or his legal practitioner."}, {"postdate": "2017-03-25 10:05"}, {"updatedate": "2017-03-25 10:05"}, {"part": ""}], [{"id": 114}, {"lawid": 6}, {"partschedule": ""}, {"title": "4.\tRestriction on sale of boy scouts uniform and emblems"}, {"body": "No person except the Association or a person authorised by the Association may sell or attempt to sell or offer for sale or hire or attempt to hire any uniform, badge, token or emblem which under the by-laws or rules of the Association has been adopted for use by a boy scout."}, {"postdate": "2017-03-25 11:28"}, {"updatedate": "2017-03-25 11:28"}, {"part": ""}], [{"id": 124}, {"lawid": 7}, {"partschedule": ""}, {"title": "6.\tPower to vary or revoke registration or impose conditions thereon"}, {"body": "(1)\tThe Commissioner may at any time by order vary or revoke any of the conditions of a certificate of registration or impose such conditions or additional conditions as he may deem necessary.\n(2)\tWhere the Commissioner proposes to vary, revoke or impose conditions in accordance with subsection (1) of this section, he shall before exercising such power give notice of his intention to the proprietor of the Day Care Centre concerned and shall afford him an opportunity of making representations to him and to submit reasons why the order should not be given.\n(3)\tAny proprietor of a Day Care Centre who fails to comply with any order given under subsection (1) of this section shall be guilty of an offence and be liable upon conviction to a fine of five thousand naira or imprisonment for a term not exceeding six months and to a fine of five hundred naira for each day during which the conditions are, or any of them is, not further complied with."}, {"postdate": "2017-03-25 11:28"}, {"updatedate": "2017-03-25 11:28"}, {"part": ""}]], "name": "sections"}]