[{"data": [[{"id": 3}, {"title": "CHAPTER B1 - BOARD OF INTERNAL REVENUE LAW"}, {"number": " [KWS 9 of 1984, KWS 6 of 1987, No. 4 of 2006.]"}, {"date": "[Date of commencement: 6th June, 1984]"}, {"description": "A Law to assess the internal revenue of the State and to regulate and control the collection thereof."}, {"postdate": "2017-03-25 10:05"}, {"updatedate": "2017-03-25 10:05"}, {"cover": ""}]], "name": "laws"}, {"data": [[{"id": 3}, {"lawid": 1}, {"partschedule": ""}, {"title": "3.\tApplication of Part II to certain cases"}, {"body": "(1)\tA testator shall be deemed to have been entitled at his death to any interest in property passing under any gift contained in his will which operates as an appointment under a general power to appoint by will.\n\n(2)\tThe interest of a deceased person under a joint tenancy where another tenant survives the deceased is an interest ceasing on his death.\n\n(3)\tOn the death of the incumbent of a corporation sole his interest in the corporation's property shall be deemed to be an interest ceasing on his death and shall devolve on his successor."}, {"postdate": "2017-03-25 10:05"}, {"updatedate": "2017-03-25 10:05"}, {"part": "PART II"}], [{"id": 13}, {"lawid": 1}, {"partschedule": ""}, {"title": "13.\tRights of action by or against personal representatives"}, {"body": "(1)\tSubject to the provisions of this section, on the death of any person, after the commencement of this Law all causes of action subsisting against or vested in him shall survive against or, as the case may be, for the benefit of his estate:\n\nProvided that this subsection shall not apply to causes of action for defamation or seduction or for inducing one spouse to leave or remain apart from the other or to claims for damages on the ground of adultery.\n\n(2)\tWhere a cause of action survives as aforesaid for the benefit of the estate of a deceased person, the damages recoverable for the benefit of the estate of that person\u0097\n\n(a)\tshall not include any exemplary damages;\n\n(b)\tin the case of a breach of promise to marry shall be limited to such damage, if any, to the estate of that person as flows from the breach of promise to marry;\n\n(c)\twhere the death of that person has been caused by the act or omission which gives rise to the cause of action, shall be calculated without reference to any loss or gain to his estate consequent on his death, except that a sum in respect of funeral expenses may be included.\n\n(3)\tNo proceedings shall be maintainable in respect of a cause of action in tort which by virtue of this section has survived against the estate of a deceased person, unless either\u0097\n\n(a) \tproceedings against him in respect of that cause of action were pending at the date of his death; or\n \n(b) \tthe cause of action arose not earlier than three years before his death and proceedings are taken in respect thereof not later than six months after his personal representative took out representation.\n\n(4)\tWhere damage has been suffered by reason of any act or omission in respect of which a cause of action would have subsisted against any person if that person had not died before or at the same time as the damage was suffered, there shall be deemed, for the purposes of this Law, to have been subsisting against him before his death such cause of action in respect of that act or omission as would have subsisted if he had died after the damage was suffered.\n\n(5)\tThe rights conferred by this Law for the benefit of the estate of deceased persons shall be in addition to and not in derogation of any rights conferred on the dependants of deceased persons by any law relating to fatal accidents or the Warsaw Convention for the Unification of Rule Relating to International Carriage by Air and so much of this Law as relates to causes of action against estates of deceased persons shall apply in relation to causes of action under the said enactment or convention as it applies in relation to other causes of action not expressly excepted from the operation of subsection (1) of this section.\n\n(6)\tIn the event of the insolvency of the estate against which proceedings are taken by virtue of this section, any liability in respect of the cause of action in respect of which the proceedings are maintainable shall be deemed to be a debt provable in the administration of the estate, notwithstanding that it is a demand in the nature of unliquidated damages arising otherwise than by a contract, promise or breach of trust."}, {"postdate": "2017-03-25 10:05"}, {"updatedate": "2017-03-25 10:05"}, {"part": "PART III"}], [{"id": 23}, {"lawid": 1}, {"partschedule": ""}, {"title": "23.\tAdministration pendente lite"}, {"body": "(1)\tWhere any legal proceedings touching the validity of the will of a deceased person, or for obtaining, recalling or revoking any grant, are pending, the court may grant administration of the estate of the deceased to an administrator, who shall have all the rights and powers of a general administrator, other than the rights of distributing the residue of the estate, and every such administrator shall be subject to the immediate control of the court and act under its direction.\n\n(2)\tThe court may, out of the estate of the deceased, assign to an administrator appointed under this section such reasonable remuneration as the court think fit."}, {"postdate": "2017-03-25 10:05"}, {"updatedate": "2017-03-25 10:05"}, {"part": "PART IV"}], [{"id": 33}, {"lawid": 1}, {"partschedule": ""}, {"title": "33.\tEstate of deceased are assets for payment of debts"}, {"body": "(1)\tThe estate, whether legal or equitable, of a deceased person, to the extent of his beneficial interest therein, and any property of which a deceased person in pursuance of any general power disposes by his will, are assets for payment of his debts (whether by specialty or simple contract) and liabilities, and any disposition by will inconsistent with this enactment is void as against the creditors and the court shall, if necessary, administer the property for the purposes of the payment of the debts and liabilities.\n\n(2)\tSubsection (1) of this section takes effect without prejudice to the rights of incumbents.\n\n(3)\tIf any person to whom any such beneficial interest devolves or is given, or in whom any such interest vests, disposes thereof in good faith before an action is brought or process issued out against him, he shall be personally liable for the value of the interest so disposed of by him, but that interest shall not be liable to be taken in execution in the action or under the process."}, {"postdate": "2017-03-25 10:05"}, {"updatedate": "2017-03-25 10:05"}, {"part": "PART V"}], [{"id": 43}, {"lawid": 1}, {"partschedule": ""}, {"title": "43.\tPower to appoint trustees of infant's property"}, {"body": "(1)\tWhere an infant is absolutely entitled under the will or on the intestacy of a person dying before or after the commencement of this Law (in this subsection called \"the deceased\") to a disposition under a will, or legacy, or to the residue of the estate of the deceased, or any share therein, and such disposition, legacy, residue or share is not under the will, if any, of the deceased, disposed of or bequeathed to trustees for the infant, the personal representative of the deceased may appoint a trust corporation or two or more individuals not exceeding four (whether or not including the personal representative or one or more of the personal representatives), to be the trustee or trustees for sale of such disposition or trustee or trustees of such legacy, residue or share for the infant and may execute or do any assurance or thing requisite for vesting such disposition, legacy, residue or share in the trustee or trustees so appointed.\n\n(2)\tOn such appointment the personal representatives, as such, shall be discharged from all further liability in respect of such disposition, legacy, residue, or share, and the same may be retained in its existing condition or state of investment, or may be converted into money, and such money may be invested in any authorised investment.\n\n(3)\tWhere a personal representative has before the commencement of this Law retained or sold any such disposition, legacy, residue or share, and invested the same or the proceeds thereof in any investments in which he was authorised to invest money subject to the trust, then, subject to any order of the court made before such commencement, he shall not be deemed to have incurred any liability on that account, or by reason of not having paid or transferred the money or property into court."}, {"postdate": "2017-03-25 10:05"}, {"updatedate": "2017-03-25 10:05"}, {"part": "PART V"}], [{"id": 53}, {"lawid": 1}, {"partschedule": ""}, {"title": "53.\tConstruction of documents"}, {"body": "(1)\tReferences to any Statutes of Distribution in an instrument inter vivos made or in a will coming into operation after the commencement of this Law, shall be construed as reference to this Part of this Law, and references in such an instrument or will to statutory next-of-kin shall be construed, unless the context otherwise requires, as referring to the persons who would take beneficially on an intestacy under the foregoing provisions of this Part of this Law.\n\n(2)\tTrusts declared in an instrument inter vivos made, or in a will coming into operation, before the commencement of this Law by reference to the Statutes of Distribution, shall, unless the contrary thereby appears, be construed as referring to the enactments relating to the distribution of effects of intestates which were in force immediately before the commencement of this Law."}, {"postdate": "2017-03-25 10:05"}, {"updatedate": "2017-03-25 10:05"}, {"part": "PART VI"}], [{"id": 63}, {"lawid": 2}, {"partschedule": ""}, {"title": "3.\tApplication"}, {"body": "(1)\tThis Law shall apply only to the adoption of a person under the age of sixteen years who is abandoned, and whose parents and other relatives are unknown or cannot be traced after due enquiry certified by a juvenile court.\n \n(2)\tAll references in this Law to a juvenile shall be construed as references to a person to whose adoption this Law applies."}, {"postdate": "2017-03-25 10:05"}, {"updatedate": "2017-03-25 10:05"}, {"part": ""}], [{"id": 73}, {"lawid": 2}, {"partschedule": ""}, {"title": "13.\tCorrective orders"}, {"body": "(1)\tArrangements may be made for the adoption of any juvenile in respect of whom a corrective order is made under the Children and Young Persons Law committing him to the care of an individual not being a relative.\n\n\n(2)\tIn every case to which subsection (1) of this section applies, on the application for an Adoption Order being made, and on being satisfied that the adoption would be for the welfare of the child or young person concerned, the Juvenile Court shall suspend the corrective order so as to enable the applicant to have the child or young person in his care for a period of at least three consecutive months immediately preceding the date of the Adoption Order."}, {"postdate": "2017-03-25 10:05"}, {"updatedate": "2017-03-25 10:05"}, {"part": ""}], [{"id": 83}, {"lawid": 2}, {"partschedule": ""}, {"title": "23.\tProhibition against withdrawal of juvenile"}, {"body": "While an application for an Adoption Order is pending in any court, no person who has given his consent to an Adoption Order being made in respect of a juvenile shall withdraw the juvenile from the care and possession of the applicant without the leave of the court and the court shall have regard to the welfare of the juvenile in considering whether or not to grant such leave."}, {"postdate": "2017-03-25 10:05"}, {"updatedate": "2017-03-25 10:05"}, {"part": ""}], [{"id": 93}, {"lawid": 3}, {"partschedule": ""}, {"title": "8.\tReport"}, {"body": "The Board shall submit to the Governor, at least three times a year, report of its meetings, decisions and recommendations."}, {"postdate": "2017-03-25 10:05"}, {"updatedate": "2017-03-25 10:05"}, {"part": ""}], [{"id": 103}, {"lawid": 4}, {"partschedule": ""}, {"title": "3.\tPower to pass sentence of Borstal training"}, {"body": "Where a person is convicted by a court of an offence punishable with imprisonment, then if on the day of his conviction he is not less than sixteen years but under twenty-one years of age, and the court is satisfied having regard to such evidence as is available as to his character and previous conduct, and to the circumstances of the offence, that it is expedient for his reformation and the prevention of crime that he should undergo a period of training in a Borstal institution, the court may, in lieu of any other sentence, pass a sentence of Borstal training."}, {"postdate": "2017-03-25 10:05"}, {"updatedate": "2017-03-25 10:05"}, {"part": ""}], [{"id": 113}, {"lawid": 6}, {"partschedule": ""}, {"title": "3.\tRestriction on use of uniform of Boy Scouts Association"}, {"body": "It shall not be lawful for any person, not being under the by-laws or rules of the Association duly authorised and entitled so to do, publicly to wear, carry or bear any uniform, badge, token or emblem which under the said by-laws or rules is specially adopted for use under the authority of the Association in such style or manner as to convey an impression that such person is under the said by-laws or rules entitled so to wear, carry or bear such uniform, badge, token or emblem."}, {"postdate": "2017-03-25 11:28"}, {"updatedate": "2017-03-25 11:28"}, {"part": ""}], [{"id": 123}, {"lawid": 7}, {"partschedule": ""}, {"title": "5.\tName of Day Care Centre to be published"}, {"body": "(1)\tIn every case where the Commissioner issues a certificate of registration to a Day Care Centre, a designated officer shall cause a publication to be made to that effect in the State Gazette.\n(2)\tThe Commissioner shall cause to be prepared and maintained by a designated officer a register of the names and addresses and of such other particulars as may be specified of all Day Care Centres certified in accordance with the provisions of this Law."}, {"postdate": "2017-03-25 11:28"}, {"updatedate": "2017-03-25 11:28"}, {"part": ""}]], "name": "sections"}]