[{"data": {}, "name": "laws"}, {"data": [[{"id": 10}, {"lawid": 1}, {"partschedule": ""}, {"title": "10.\tContinuance of legal proceeding after revocation of temporary administration"}, {"body": "If, while any legal proceeding is pending in any court by or against an administrator to whom a temporary administration has been granted, that administration is revoked, that court may order that the proceeding be continued by or against the new personal representative in like manner as if the same had been originally commenced by or against him, but subject to such conditions and variations, if any, as that court directs."}, {"postdate": "2017-03-25 10:05"}, {"updatedate": "2017-03-25 10:05"}, {"part": "PART III"}], [{"id": 20}, {"lawid": 1}, {"partschedule": ""}, {"title": "20.\tProvisions as to the number of personal representatives"}, {"body": "(1)\tProbate or administration shall not be granted to more than four persons in respect of the same property, and administration shall, if there is a minority, a person of unsound mind or if a life interest arises under the will or intestacy, be granted either to a trust corporation, with or without an individual, or to not less than two individuals.\n\n(2)\tThe court in granting administration may act on such prima facie evidence, furnished by the applicant or any other person, as to whether or not there is a minority, a person of unsound mind or life interest, as may be prescribed by probate rules and orders.\n\n(3)\tIf there is only one personal representative (not being a trust corporation) then, during the minority or mental incapacity of a beneficiary or the subsistence of a life interest and until the estate is fully administered, the court may, on the application of any person interested or of guardian, committee or receiver of any such person, appoint one or more personal representatives in addition to the original personal representative in accordance with probate rules and orders.\n\n(4)\tThis section shall apply to grants made after the date of the commencement of this Law whether the testator or intestate died before or after that date."}, {"postdate": "2017-03-25 10:05"}, {"updatedate": "2017-03-25 10:05"}, {"part": "PART IV"}], [{"id": 30}, {"lawid": 1}, {"partschedule": ""}, {"title": "30.\tOfficial copies of wills and other documents"}, {"body": "Subject to section 32 an official copy of the whole or any part of a will or an official certificate of any grant of administration may, on payment of the fee prescribed by probate rules and orders, be obtained from the probate registry."}, {"postdate": "2017-03-25 10:05"}, {"updatedate": "2017-03-25 10:05"}, {"part": "PART IV"}], [{"id": 40}, {"lawid": 1}, {"partschedule": ""}, {"title": "40.\tRight to follow property and powers of the court in relation thereto"}, {"body": "(1)\tAn assent or transfer by a personal representative to a person other than a purchaser does not prejudice the rights of any person to follow the property to which the assent or transfer relates, or any property representing the same, into the hands of the person in whom it is vested by the assent or transfer, or of any other person (not being a purchaser) who may have received the same or in whom it may be vested.\n\n(2)\tNotwithstanding any such assent or transfer the court may, on the application of any creditor or other person interested\u0097\n\n(a)\torder a sale, exchange, mortgage, charge, lease, payment, transfer or other transaction to be carried out which the court considers requisite for the purpose of giving effect to the rights of the person interested;\n\n(b)\tdeclare that the person, not being a purchaser, in whom the property is vested is a trustee for those purposes;\n\n(c)\tgive directions respecting the preparation and execution of any transfer or other instrument or as to any other matter required for giving effect to the order;\n\n(d)\tmake any vesting order, or appoint a person to transfer in accordance with the provisions of any enactment relating to trusts.\n\n(3)\tThis section does not prejudice the rights of a purchaser or a person deriving title under him, but applies whether the testator or intestate died before or after commencement of this Law."}, {"postdate": "2017-03-25 10:05"}, {"updatedate": "2017-03-25 10:05"}, {"part": "PART V"}], [{"id": 50}, {"lawid": 1}, {"partschedule": ""}, {"title": "50.\tRight of surviving spouse to redeem life interest"}, {"body": "(1)\tWhere a surviving spouse is entitled to a life interest in part of the residuary estate, and so elects, the personal representative shall purchase or redeem the life interest by paying the capital value thereof to the surviving spouse as the tenant for life, and the costs of the transaction; and thereupon the residuary estate may be dealt with and distributed free from such life interest.\n \n(2)\tThe said capital value shall be calculated in accordance with set rules by a duly qualified actuary selected and agreed upon by the personal representative and the surviving spouse.\n\n(3)\tAn election under this section shall only be exercisable if at the time of the election the whole of the said part of the residuary estate consists of property in possession, but, for the purpose of this section, a life interest in property partly in possession and partly not in possession may be treated as consisting of two separate life interests in those respective parts of the property.\n\n(4)\tAn election under this section shall be exercisable only within the period of twelve months from the date on which representation with respect to the estate of the intestate is first taken out:\n\nProvided that if the surviving spouse satisfies the court that the limitation to the said period of twelve months will operate unfairly\u0097\n\n(a)\tin consequence of the representation first taken out being probate of a will subsequently revoked on the ground that the will was invalid; or\n\n(b)\tin consequence of a question whether a person had an interest in the estate, or as to the nature of an interest in the estate, not having been determined at the time when representation was first taken out; or\n\n(c)\tin consequence of some other circumstances affecting the administration or distribution of the estate, \n\nthe court may extend the said period.\n\n(5)\tAn election under this section shall be exercisable, except where the tenant for life is the sole personal representative, by notifying the personal representative (or, where there are two or more personal representatives of whom one is the tenant for life, all of them except the tenant for life) in writing; and a notification in writing under this subsection shall not be revocable except with the consent of the personal representative.\n\n(6)\tWhere the tenant for life is the sole personal representative an election under this section shall not be effective unless written notice thereof is given to the probate registrar within the period within which it must be made; and provision may be made by probate rules for keeping a record of such notices and making that record available to the public.\n\n(7)\tAn election under this section by a tenant for life who is an infant shall be as valid and binding as it would be if the tenant for life were of age; but the personal representative shall, instead of paying the capital value of the life interest to the tenant for life, deal with it in the same manner as with any other part of the residuary estate to which the tenant for life is absolutely entitled.\n\n(8)\tIn considering for the purposes of the foregoing provisions of this section the question when representation was first taken out, a grant limited to trust property shall be left out of account and a grant limited to an interest in land or other property shall be left out of account unless a grant limited to the remainder of the estate has previously been made or is made at the same time."}, {"postdate": "2017-03-25 10:05"}, {"updatedate": "2017-03-25 10:05"}, {"part": "PART VI"}], [{"id": 60}, {"lawid": 1}, {"partschedule": ""}, {"title": "60.\tCitation"}, {"body": "This Law may be cited as the Administration of Estates Law."}, {"postdate": "2017-03-25 10:05"}, {"updatedate": "2017-03-25 10:05"}, {"part": "PART VII"}], [{"id": 70}, {"lawid": 2}, {"partschedule": ""}, {"title": "10.\tJurisdiction"}, {"body": "Every application for an Adoption Order shall be made to the juvenile court within the jurisdiction of which the applicant or the juvenile resides at the date of the application."}, {"postdate": "2017-03-25 10:05"}, {"updatedate": "2017-03-25 10:05"}, {"part": ""}], [{"id": 80}, {"lawid": 2}, {"partschedule": ""}, {"title": "20.\tRestriction on sending juvenile away for adoption"}, {"body": "(1)\tExcept under a licence issued under section 21 of this Law it shall not be lawful for any person to permit or cause or procure the care and possession of a juvenile to be given to any person outside the State with a view to getting the juvenile adopted by any person.\n\n(2)\tAny person who contravenes the provisions of subsection (1) of this section shall be guilty of an offence and shall be liable on conviction to a fine not exceeding two thousand naira or to imprisonment for a term not exceeding six months or to both such fine and imprisonment."}, {"postdate": "2017-03-25 10:05"}, {"updatedate": "2017-03-25 10:05"}, {"part": ""}], [{"id": 90}, {"lawid": 3}, {"partschedule": ""}, {"title": "5.\tAnnual estimates"}, {"body": "The Board shall be responsible for the preparation for the consideration of the Commissioner for inclusion in the State estimates, annual estimates of revenue of the State."}, {"postdate": "2017-03-25 10:05"}, {"updatedate": "2017-03-25 10:05"}, {"part": ""}], [{"id": 100}, {"lawid": 3}, {"partschedule": ""}, {"title": "15.\tPower to make regulations"}, {"body": "The Commissioner may with the approval of the Governor, make regulations generally for the purpose of this Law."}, {"postdate": "2017-03-25 10:05"}, {"updatedate": "2017-03-25 10:05"}, {"part": ""}], [{"id": 110}, {"lawid": 5}, {"partschedule": ""}, {"title": "5.\tSaving as to Islamic law, customary law, area courts and customary courts"}, {"body": "Nothing in this Law shall affect the provisions of any law relating to the right of the High Court or Magistrates' Courts to observe or enforce the observance of any existing Islamic law or customary law nor shall it affect the jurisdiction of, or the Law, to be administered by any Sharia Court of Appeal, area court, customary court of appeal or customary court established within the State."}, {"postdate": "2017-03-25 11:28"}, {"updatedate": "2017-03-25 11:28"}, {"part": ""}], [{"id": 120}, {"lawid": 7}, {"partschedule": ""}, {"title": "2.\tInterpretation"}, {"body": "In this Law, unless the context otherwise requires\u0097\n\"Commissioner\" means the State Commissioner charged with responsibility for Social Welfare matters;\n\"Day Care Centre\" means a premises or place approved by the Commissioner for use for the day to day care of children in accordance with the provisions of this Law;\n\"Governor\" means the Governor of the State;\n\"proprietor\" means the person who is or who holds himself out to be the owner of a Day Care Centre, or the person using premises for the purpose of a Day Care Centre, or any person who derives or is entitled to any profits or similar benefits from the business of any such Day Care Centre; and includes the person recognised as proprietor immediately before the coming into force of this Law; and references to persons herein include, where applicable, references to bodies corporate, firms, trustees or any other association of individuals;\n\"Ministry\" means the Ministry charged with the responsibility for Social Welfare;\n                                        [No. 4 of 2006.]\n\"State\" means the Kwara State of Nigeria."}, {"postdate": "2017-03-25 11:28"}, {"updatedate": "2017-03-25 11:28"}, {"part": ""}], [{"id": 130}, {"lawid": 7}, {"partschedule": ""}, {"title": "12.\tOffences by bodies corporate"}, {"body": "Where an offence under this Law is committed by a body corporate, firm or other association of individuals\u0097\n(a)\tevery director, manager, secretary or other similar officer of the body corporate;\n(a)\tevery trustee of the body concerned;\n(a)\tevery person concerned in the management of the affairs of the association; or\n(a)\tevery person who was purporting to act in any such capacity as aforesaid,\nshall severally be guilty of that offence and liable to be proceeded against and punished for that offence in like manner as if he had himself committed the offence, unless he proves that the act or omission constituting the offence took place without his knowledge, consent or connivance."}, {"postdate": "2017-03-25 11:28"}, {"updatedate": "2017-03-25 11:28"}, {"part": ""}]], "name": "sections"}]